,edad,ingreso_mensual,gasto_mensual,deuda_total,score_crediticio,antiguedad_meses,frecuencia_compra,ultima_compra_dias,num_productos,tiene_tarjeta_credito,hora_registro,abandono
count,20400.0,19379.0,19375.0,20400.0,19379.0,20400.0,20400.0,20400.0,20400.0,20400.0,20400.0,20400.0
mean,48.545980392156864,833038.979819682,399453.4951879295,2061952.9391355903,600.441592808241,60.205882352941174,9.966764705882353,182.3256862745098,2.9948529411764704,0.5013725490196078,11.41671568627451,0.39681372549019606
std,17.849709563358658,430197.7580485746,150831.13517083385,1055155.0304539672,100.40868521733776,34.210051571387154,5.46058642829853,105.05682661069808,1.4107161593670448,0.5000103714119912,6.89141975617121,0.4892487366342341
min,18.0,-83025.77181431977,-194957.46707904732,-1684123.6537592793,220.5169683114142,1.0,1.0,1.0,1.0,0.0,0.0,0.0
25%,33.0,634639.6362630237,296753.42011287983,1461942.4679235942,532.8721631170954,31.0,5.0,92.0,2.0,0.0,6.0,0.0
50%,48.0,804448.3229191917,398887.2601795995,2017758.860439661,600.955063996256,61.0,10.0,181.0,3.0,1.0,11.0,0.0
75%,64.0,973793.7131963562,500485.42613656726,2557870.5253556957,668.2456074575432,90.0,15.0,274.0,4.0,1.0,17.0,1.0
max,79.0,7560935.762558206,954575.217321294,17776940.642608162,998.290682479952,119.0,19.0,364.0,5.0,1.0,23.0,1.0
